{"cameraMode":{"drawMode":0,"name":"Shaded","section":"Shading Mode"},"sceneLighting":false,"audioPlay":false,"sceneViewState":{"showFog":true,"showMaterialUpdate":false,"showSkybox":true,"showFlares":true,"showImageEffects":true,"showParticleSystems":true},"in2DMode":false,"pivot":{"x":503.25439453125,"y":-273.90826416015627,"z":44.78666687011719},"rotation":{"x":-0.04828891158103943,"y":0.009586824104189873,"z":-0.00046050900709815323,"w":-0.9987894296646118},"size":1017.3587646484375,"orthographic":false}